Parcours;Formation;Formation Slug;P1;P2;P3;Demande
Renforcement Anglais - P3;Anglais ;toeic;Niveau A2 - TOEIC;Niveau B1 - TOEIC;Niveau B2 - TOEIC;Renforcement Anglais - P3
Perfectionnement Anglais - P3;Anglais ;toeic;Niveau B1 - TOEIC;Niveau B2 - TOEIC;Niveau C1 - TOEIC;Perfectionnement Anglais - P3
Expertise Anglais - P3;Anglais ;toeic;Niveau B2 - TOEIC;Niveau C1 - TOEIC;;Expertise Anglais - P3
Essentiels Digitales Compétences & Word - P3;Digitales Compétences;digcomp;Digitales Compétences Basique (TOSA);Word Basique (TOSA);Excel Basique (TOSA);Essentiels Digitales Compétences & Word - P3
Essentiels Digitales Compétences & Word - P3;Digitales Compétences;digcomp;Digitales Compétences Basique (TOSA);Word Basique (TOSA);PowerPoint Basique (TOSA);Essentiels Digitales Compétences & Word - P3
Essentiels Digitales Compétences & Word - P3;Digitales Compétences;digcomp;Digitales Compétences Basique (TOSA);Word Basique (TOSA);Outlook Basique (TOSA);Essentiels Digitales Compétences & Word - P3
Essentiels Digitales Compétences & Word - P3;Digitales Compétences;digcomp;Digitales Compétences Basique (TOSA);Word Basique (TOSA);Word Opérationnel (ICDL);Essentiels Digitales Compétences & Word - P3
Essentiels Digitales Compétences & Excel - P3;Digitales Compétences;digcomp;Digitales Compétences Basique (TOSA);Excel Basique (TOSA);Word Basique (TOSA);Essentiels Digitales Compétences & Excel - P3
Essentiels Digitales Compétences & Excel - P3;Digitales Compétences;digcomp;Digitales Compétences Basique (TOSA);Excel Basique (TOSA);PowerPoint Basique (TOSA);Essentiels Digitales Compétences & Excel - P3
Essentiels Digitales Compétences & Excel - P3;Digitales Compétences;digcomp;Digitales Compétences Basique (TOSA);Excel Basique (TOSA);Outlook Basique (TOSA);Essentiels Digitales Compétences & Excel - P3
Essentiels Digitales Compétences & Excel - P3;Digitales Compétences;digcomp;Digitales Compétences Basique (TOSA);Excel Basique (TOSA);Excel Opérationnel (ICDL);Essentiels Digitales Compétences & Excel - P3
Essentiels Digitales Compétences & PPT - P3;Digitales Compétences;digcomp;Digitales Compétences Basique (TOSA);PowerPoint Basique (TOSA);Excel Basique (TOSA);Essentiels Digitales Compétences & PPT - P3
Essentiels Digitales Compétences & PPT - P3;Digitales Compétences;digcomp;Digitales Compétences Basique (TOSA);PowerPoint Basique (TOSA);Word Basique (TOSA);Essentiels Digitales Compétences & PPT - P3
Essentiels Digitales Compétences & PPT - P3;Digitales Compétences;digcomp;Digitales Compétences Basique (TOSA);PowerPoint Basique (TOSA);Outlook Basique (TOSA);Essentiels Digitales Compétences & PPT - P3
Essentiels Digitales Compétences & PPT - P3;Digitales Compétences;digcomp;Digitales Compétences Basique (TOSA);PowerPoint Basique (TOSA);PowerPoint Opérationnel (ICDL);Essentiels Digitales Compétences & PPT - P3
Renforcement Digital Compétence - P3;Digitales Compétences;digcomp;Digitales Compétences Basique (TOSA);Outlook Opérationnel (TOSA);Excel Basique (TOSA);Renforcement Digital Compétence - P3
Renforcement Digital Compétence - P3;Digitales Compétences;digcomp;Digitales Compétences Basique (TOSA);Outlook Opérationnel (TOSA);PowerPoint Basique (TOSA);Renforcement Digital Compétence - P3
Renforcement Digital Compétence - P3;Digitales Compétences;digcomp;Digitales Compétences Basique (TOSA);Outlook Opérationnel (TOSA);Word Basique (TOSA);Renforcement Digital Compétence - P3
Perfectionnement Digitales Compétences & Outils Coll. - P3;Digitales Compétences;digcomp;Digitales Compétences Opérationnel (TOSA);Outils Collaboratifs (ICDL);Google Sheets Opérationnel (ICDL);Perfectionnement Digitales Compétences & Outils Coll. - P3
Perfectionnement Digitales Compétences & Outils Coll. - P3;Digitales Compétences;digcomp;Digitales Compétences Opérationnel (TOSA);Outils Collaboratifs (ICDL);Google Docs Opérationnel (ICDL);Perfectionnement Digitales Compétences & Outils Coll. - P3
Perfectionnement Digitales Compétences & Outils Coll. - P3;Digitales Compétences;digcomp;Digitales Compétences Opérationnel (TOSA);Outils Collaboratifs (ICDL);Google Slides Opérationnel (ICDL);Perfectionnement Digitales Compétences & Outils Coll. - P3
Essentiels Digitales Compétences 1 Outlook - P3;Digitales Compétences;digcomp;Digitales Compétences Basique (TOSA);Outlook Basique (TOSA);Excel Basique (TOSA) + PowerPoint Basique (TOSA);Essentiels Digitales Compétences 1 Outlook - P3
Renforcement Excel - P3;Excel;excel;Excel Basique (TOSA);Excel Opérationnel (ICDL);Word Basique (TOSA);Renforcement Excel - P3
Renforcement Excel - P3;Excel;excel;Excel Basique (TOSA);Excel Opérationnel (ICDL);PowerPoint Basique (TOSA);Renforcement Excel - P3
Renforcement Excel - P3;Excel;excel;Excel Basique (TOSA);Excel Opérationnel (ICDL);Outlook Basique (TOSA);Renforcement Excel - P3
Expertise Excel - P3;Excel;excel;Excel Opérationnel (ICDL);Excel Expert (TOSA);Word Basique (TOSA);Expertise Excel - P3
Expertise Excel - P3;Excel;excel;Excel Opérationnel (ICDL);Excel Expert (TOSA);PowerPoint Basique (TOSA);Expertise Excel - P3
Expertise Excel - P3;Excel;excel;Excel Opérationnel (ICDL);Excel Expert (TOSA);Outlook Opérationnel (ICDL);Expertise Excel - P3
Essentiels Digitales Compétences & Excel - P3;Excel;excel;Digitales Compétences Basique (TOSA);Excel Basique (TOSA);Word Basique (TOSA) + PowerPoint Basique (TOSA);Essentiels Digitales Compétences & Excel - P3
Essentiels Digitales Compétences & Excel - P3;Excel;excel;Digitales Compétences Basique (TOSA);Excel Basique (TOSA);Outils Collaboratifs Google Basique (TOSA);Essentiels Digitales Compétences & Excel - P3
;Excel;excel;Digitales Compétences Basique (TOSA);Excel Basique (TOSA);Excel Opérationnel (ICDL);
IA Générative & Excel - P3;Excel + IA;Excel-ia;Excel Opérationnel (TOSA);IA Générative (INKREA);;IA Générative & Excel - P3
Renforcement Français - P3;Français;voltaire;Voltaire Technique (2VOLT26);Voltaire Professionnel (3VOLT26);Voltaire Affaires (4VOLT26);Renforcement Français - P3
Perfectionnement VOLTAIRE : Français Professionnel & Français Affaires - P3;Français;voltaire;Voltaire Professionnel (3VOLT26);Voltaire Affaires (4VOLT26);Voltaire Affaires (4VOLT26);Perfectionnement VOLTAIRE : Français Professionnel & Français Affaires - P3
Création graphique + IA - P3;Gimp;gimp;Gimp Opérationnel (ICDL);Illustrator Opérationnel (TOSA);IA Générative (INKREA);Création graphique + IA - P3
Création visuels 3D - P3;Gimp;gimp;Gimp Opérationnel (ICDL);Illustrator Opérationnel (TOSA);SketchUp Opérationnel (ICDL);Création visuels 3D - P3
Renforcement Photoshop - P3;Gimp;gimp;Photoshop basique (TOSA);Photoshop Opérationnel (ICDL);Photoshop Basique (TOSA);Renforcement Photoshop - P3
Bureautique Google (DOCS) - P3;Google Docs;google-docs;Google Docs Opérationnel (ICDL);Google Slides Opérationnel (ICDL);IA Générative (INKREA);Bureautique Google (DOCS) - P3
Bureautique Google (DOCS) - P3;Google Docs;google-docs;Google Docs Opérationnel (ICDL);Google Sheets Opérationnel (ICDL);IA Générative (INKREA);Bureautique Google (DOCS) - P3
Bureautique Google (DOCS) - P3;Google Docs;google-docs;Google Docs Opérationnel (ICDL);Google Sheets Opérationnel (ICDL);Google Slides Opérationnel (ICDL);Bureautique Google (DOCS) - P3
Bureautique Google (DOCS) - P3 ;Google Docs;google-docs;Google Docs Opérationnel (ICDL);Google Slides Opérationnel (ICDL);Google Sheets Opérationnel (ICDL);Bureautique Google (DOCS) - P3 
Google Workspace (Google Docs) - P3;Google Docs;google-docs;Outils Collaboratifs (ICDL);Google Docs (ICDL);IA Générative (INKREA);Google Workspace (Google Docs) - P3
Bureautique Google (SHEETS) - P3;Google Sheets;google-sheets;Google Sheets Opérationnel (ICDL);Google Docs Opérationnel (ICDL);Google Slides Opérationnel (ICDL);Bureautique Google (SHEETS) - P3
Bureautique Google (SHEETS) - P3 ;Google Sheets;google-sheets;Google Sheets Opérationnel (ICDL);Google Slides Opérationnel (ICDL);IA Générative (INKREA);Bureautique Google (SHEETS) - P3 
Bureautique Google (SHEETS) - P3 ;Google Sheets;google-sheets;Google Sheets Opérationnel (ICDL);Google Docs Opérationnel (ICDL);IA Générative (INKREA);Bureautique Google (SHEETS) - P3 
Bureautique Google (SHEETS) - P3 ;Google Sheets;google-sheets;Google Sheets Opérationnel (ICDL);Google Docs Opérationnel (ICDL);Google Slides Opérationnel (ICDL);Bureautique Google (SHEETS) - P3 
Bureautique Google (SLIDES) - P3;Google Slides;google-slides;Google Slides Opérationnel (ICDL);Google Sheets Opérationnel (ICDL);Google Docs Opérationnel (TOSA);Bureautique Google (SLIDES) - P3
Bureautique Google (SLIDES) - P3;Google Slides;google-slides;Google Slides Opérationnel (ICDL);Google Docs Opérationnel (ICDL);IA Générative (INKREA);Bureautique Google (SLIDES) - P3
Bureautique Google (SLIDES) - P3;Google Slides;google-slides;Google Slides Opérationnel (ICDL);Google Sheets Opérationnel (ICDL);IA Générative (INKREA);Bureautique Google (SLIDES) - P3
Bureautique Google (SLIDES) - P3 ;Google Slides;google-slides;Google Slides Opérationnel (ICDL);Google Sheets Opérationnel (ICDL);Google Docs Opérationnel (TOSA);Bureautique Google (SLIDES) - P3 
Google Workspace (Google Slides) - P3;Google Slides;google-slides;Outils Collaboratifs (ICDL);Google Slides (ICDL);IA Générative (INKREA);Google Workspace (Google Slides) - P3
Renforcement Illustrator - P3;Illustrator;illustrator;Illustrator Basique (TOSA);Illustrator Opérationnel (ICDL);IA Générative (INKREA);Renforcement Illustrator - P3
Essentiels Bureautique - P3;Mixte Microsoft Office (Word + Excel);microsoft-office;Word Basique (TOSA);Excel Basique (TOSA);PowerPoint Basique (TOSA);Essentiels Bureautique - P3
Perfectionnement Bureautique - P3;Mixte Microsoft Office (Word + Excel);microsoft-office;Word Opérationnel (ICDL);Excel Opérationnel (ICDL);Excel Expert (TOSA) + Excel Expert (TOSA);Perfectionnement Bureautique - P3
Google Workspace - P3;Outils Collaboratifs Google;outils-collaboratifs-google;Outils Collaboratifs Google Opérationnel (ICDL);Google Docs Opérationnel (ICDL);IA Générative (INKREA);Google Workspace - P3
Google Workspace - P3 ;Outils Collaboratifs Google;outils-collaboratifs-google;Outils Collaboratifs Google Opérationnel (ICDL);Digitales Compétences Opérationnel (TOSA);IA Générative (INKREA);Google Workspace - P3 
Google Workspace - P3 ;Outils Collaboratifs Google;outils-collaboratifs-google;Outils Collaboratifs Google Opérationnel (ICDL);Google Sheets Opérationnel (ICDL);IA Générative (INKREA);Google Workspace - P3 
Google Workspace - P3  ;Outils Collaboratifs Google;outils-collaboratifs-google;Outils Collaboratifs Google Opérationnel (ICDL);Google Slides Opérationnel (ICDL);IA Générative (INKREA);Google Workspace - P3  
Google Workspace - P3  ;Outils Collaboratifs Google;outils-collaboratifs-google;Outils Collaboratifs Google Opérationnel (ICDL);Digitales Compétences Opérationnel (TOSA);Google Docs Opérationnel (ICDL) + Google Sheets Opérationnel (ICDL);Google Workspace - P3  
Google Workspace - P3   ;Outils Collaboratifs Google;outils-collaboratifs-google;Outils Collaboratifs Google Opérationnel (ICDL);IA Générative (INKREA);Digitales Compétences Opérationnel (TOSA);Google Workspace - P3   
Google Workspace (Google Sheets) - P3;Outils Collaboratifs Google;outils-collaboratifs-google;Outils Collaboratifs (ICDL);Google Sheets (ICDL);IA Générative (INKREA);Google Workspace (Google Sheets) - P3
Essentiels Digitales Compétences 1 Outlook - P3;Outlook;pack-office-outlook;Digitales Compétences Basique (TOSA);Outlook Basique (TOSA);Excel Basique (TOSA) + PowerPoint Basique (TOSA);Essentiels Digitales Compétences 1 Outlook - P3
Essentiels Digitales Compétences 1 Outlook - P3;Outlook;pack-office-outlook;Digitales Compétences Basique (TOSA);Outlook Basique (TOSA);Excel Basique (TOSA) + PowerPoint Basique (TOSA);Essentiels Digitales Compétences 1 Outlook - P3
Essentiels Digitales Compétences 1 Outlook - P3;Outlook;pack-office-outlook;Digitales Compétences Basique (TOSA);Outlook Basique (TOSA);Excel Basique (TOSA) + PowerPoint Basique (TOSA);Essentiels Digitales Compétences 1 Outlook - P3
Renforcement Photoshop - P3;Photoshop;photoshop;Photoshop basique (TOSA);Photoshop Opérationnel (ICDL);IA Générative (INKREA);Renforcement Photoshop - P3
Renforcement Photoshop - P3;Photoshop;photoshop;Photoshop basique (TOSA);Photoshop Opérationnel (ICDL);Illustrator Basique (TOSA) + SketchUp (ICDL);Renforcement Photoshop - P3
Renforcement Powerpoint - P3;PowerPoint;ppt;PowerPoint Basique (TOSA);PowerPoint Opérationnel (ICDL);Word Basique (TOSA) + Excel Basique (TOSA);Renforcement Powerpoint - P3
Essentiels Digitales Compétences & PPT - P3;PowerPoint;ppt;Digitales Compétences Basique (TOSA);PowerPoint Basique (TOSA);PowerPoint Opérationnel (ICDL);Essentiels Digitales Compétences & PPT - P3
Renforcement Powerpoint - P3;PowerPoint;ppt;PowerPoint Basique (TOSA);PowerPoint Opérationnel (ICDL);Outlook Basique (TOSA);Renforcement Powerpoint - P3
Essentiels Digitales Compétences & PPT - P3;PowerPoint;ppt;Digitales Compétences Basique (TOSA);PowerPoint Basique (TOSA);Outlook Basique (TOSA);Essentiels Digitales Compétences & PPT - P3
Essentiels Digitales Compétences & PPT - P3;PowerPoint;ppt;Digitales Compétences Basique (TOSA);PowerPoint Basique (TOSA);Word Basique (TOSA) + Excel Basique (TOSA);Essentiels Digitales Compétences & PPT - P3
Création visuels : 3D/Images - P3;SketchUp;sketchup;SketchUp (ICDL);ICDL GIMP (ICDL);IA Générative (INKREA);Création visuels : 3D/Images - P3
Création visuels : 3D/Images - P3;SketchUp;sketchup;SketchUp (ICDL);ICDL GIMP (ICDL);ILLUSTRATOR Basique (TOSA);Création visuels : 3D/Images - P3
Essentiels Digitales Compétences & Word - P3;Word;word;Word Basique (TOSA);Word Opérationnel (ICDL);Excel Basique (TOSA) + PowerPoint Basique (TOSA);Essentiels Digitales Compétences & Word - P3
Essentiels Digitales Compétences & Word - P3;Word;word;Digitales Compétences Basique (TOSA);Word Basique (TOSA);Word Opérationnel (ICDL);Essentiels Digitales Compétences & Word - P3
Essentiels Bureautique - P3;Word;word;Word Basique (TOSA);Excel Basique (TOSA);PowerPoint Basique (TOSA);Essentiels Bureautique - P3
Essentiels Digitales Compétences & Word - P3;Word;word;Word Basique (TOSA);Word Opérationnel (ICDL);Outlook Basique (TOSA);Essentiels Digitales Compétences & Word - P3
Essentiels Digitales Compétences & WORD - P3;Word;word;Digitales Compétences Basique (TOSA);Word Basique (TOSA);Excel Basique (TOSA) + PowerPoint Basique (TOSA);Essentiels Digitales Compétences & WORD - P3
Essentiels Digitales Compétences & WORD - P3;Word;word;Digitales Compétences Basique (TOSA);Word Basique (TOSA);Outlook Basique (TOSA);Essentiels Digitales Compétences & WORD - P3
IA Générative & Word - P3;Word + IA;word-ia;Word (TOSA);IA Générative (INKREA);PowerPoint Basique (TOSA) + Excel Basique (TOSA);IA Générative & Word - P3
IA Générative & Word - P3;Word + IA;word-ia;Word (TOSA);IA Générative (INKREA);Word Opérationnel (ICDL);IA Générative & Word - P3
IA Générative & Word - P3;Word + IA;word-ia;Word (TOSA);IA Générative (INKREA);Digitales Compétences Opérationnel (TOSA);IA Générative & Word - P3
Renforcement Wordpress - P3;WordPress;wordpress;WordPRESS Basique (TOSA);WordPRESS Opérationnel (ICDL);IA Générative (INKREA);Renforcement Wordpress - P3
Renforcement Wordpress - P3;WordPress;wordpress;WordPRESS Basique (TOSA);WordPRESS Opérationnel (ICDL);SKETCHUP Opérationnel (ICDL);Renforcement Wordpress - P3
Renforcement Wordpress - P3;WordPress;wordpress;WordPRESS Basique (TOSA);WordPRESS Opérationnel (ICDL);Photoshop Basique (TOSA);Renforcement Wordpress - P3